date,path,title,count,uniques
2022-07-21,/schorschinho/LCModel,GitHub - schorschinho/LCModel: A collection of compiled LCModel binaries for ...,33,14
2022-07-21,/schorschinho/LCModel/blob/main/LICENSE.md,LCModel/LICENSE.md at main · schorschinho/LCModel · GitHub,8,2
2022-07-21,/schorschinho/LCModel/tree/main/binaries,LCModel/binaries at main · schorschinho/LCModel · GitHub,7,4
2022-07-21,/schorschinho/LCModel/tree/main/binaries/macos/catalina,LCModel/lcmodel.zip at main · schorschinho/LCModel · GitHub,4,3
2022-07-21,/schorschinho/LCModel/commit/63dccb1be13c5ea4ee2df20db1b4a06c651355e2,"Add source code, test data, Win10 binary, readme, and license. · schorschinho...",4,2
2022-07-21,/schorschinho/LCModel/issues,Issues · schorschinho/LCModel · GitHub,3,1
2022-07-21,/schorschinho/LCModel/tree/main/test_lcm,GitHub - schorschinho/LCModel: A collection of compiled LCModel binaries for ...,3,1
2022-07-21,/schorschinho/LCModel/tree/main/binaries/win/win10,LCModel/binaries at main · schorschinho/LCModel · GitHub,2,2
2022-07-21,/schorschinho/LCModel/blob/main/binaries/macos/catalina/lcmodel.zip,LCModel/binaries/macos/catalina at main · schorschinho/LCModel · GitHub,2,1
2022-07-21,/schorschinho/LCModel/blob/main/README.md,GitHub - schorschinho/LCModel: A collection of compiled LCModel binaries for ...,2,1
2022-07-21,/schorschinho/MRSDeIdentificationTools,GitHub - schorschinho/MRSDeIdentificationTools: Tools to remove protected hea...,3,3
2022-07-21,/schorschinho/nifti-mrs-matlab,schorschinho/nifti-mrs-matlab: A minimal example demonstrating the import of ...,4,4
2022-07-21,/schorschinho/osprey,schorschinho/osprey: All-in-one toolbox for processing of magnetic resonance ...,297,92
2022-07-21,/schorschinho/osprey/issues,schorschinho/osprey: All-in-one toolbox for processing of magnetic resonance ...,64,15
2022-07-21,/schorschinho/osprey/tree/develop/job,osprey/job at develop · schorschinho/osprey,42,6
2022-07-21,/schorschinho/osprey/releases,schorschinho/osprey: All-in-one toolbox for processing of magnetic resonance ...,32,17
2022-07-21,/schorschinho/osprey/tree/develop/exampledata,osprey/exampledata at develop · schorschinho/osprey · GitHub,32,6
2022-07-21,/schorschinho/osprey/tree/develop/load,schorschinho/osprey: All-in-one toolbox for processing of magnetic resonance ...,22,3
2022-07-21,/schorschinho/osprey/pulls,Pull requests · schorschinho/osprey · GitHub,17,4
2022-07-21,/schorschinho/osprey/tree/develop/docs,schorschinho/osprey: All-in-one toolbox for processing of magnetic resonance ...,16,7
2022-07-21,/schorschinho/osprey/tree/develop/GUI,GitHub - schorschinho/osprey: All-in-one toolbox for processing of magnetic r...,16,7
2022-07-21,/schorschinho/osprey/tree/develop/libraries,schorschinho/osprey: All-in-one toolbox for processing of magnetic resonance ...,14,6
