repository_name,date,views,unique_visitors/cloners
LCModel,2023-10-16,24,4
LCModel,2023-10-17,31,4
LCModel,2023-10-18,8,2
LCModel,2023-10-19,4,3
LCModel,2023-10-20,2,1
LCModel,2023-10-22,4,1
LCModel,2023-10-23,18,3
LCModel,2023-10-24,11,2
LCModel,2023-10-25,4,1
LCModel,2023-10-27,14,2
LCModel,2023-10-28,6,2
LCModel,2023-10-29,16,2
MRSDeIdentificationTools,2023-10-17,3,1
MRSDeIdentificationTools,2023-10-20,3,1
MRSDeIdentificationTools,2023-10-23,1,1
MRSDeIdentificationTools,2023-10-29,3,1
multi-language-mrs-processing,2023-10-20,6,1
multi-language-mrs-processing,2023-10-23,2,1
nifti-mrs-matlab,2023-10-20,2,1
nifti-mrs-matlab,2023-10-23,3,1
nifti-mrs-matlab,2023-10-26,6,3
nifti-mrs-matlab,2023-10-27,2,1
osprey,2023-10-16,194,14
osprey,2023-10-17,61,15
osprey,2023-10-18,41,8
osprey,2023-10-19,141,15
osprey,2023-10-20,11,9
osprey,2023-10-21,9,6
osprey,2023-10-22,33,5
osprey,2023-10-23,108,16
osprey,2023-10-24,628,21
osprey,2023-10-25,195,18
osprey,2023-10-26,108,13
osprey,2023-10-27,16,7
osprey,2023-10-28,31,5
osprey,2023-10-29,11,4
osprey,2023-10-30,2,1
osprey-dw-workshop,2023-10-17,1,1
