repository_name,site,views,unique_visitors/cloners
LCModel,Google,244,40
LCModel,lncd.pitt.edu,29,3
LCModel,StartPage,10,1
LCModel,Bing,7,2
multi-language-mrs-processing,github.com,1,1
nifti-mrs-matlab,Google,6,1
nifti-mrs-matlab,github.com,2,2
osprey,Google,252,42
osprey,github.com,69,6
osprey,schorschinho.github.io,63,17
osprey,mrshub.org,34,6
osprey,forum.mrshub.org,32,10
osprey,DuckDuckGo,7,4
osprey,nitrc.org,6,1
osprey,Bing,5,4
osprey,mrshub.netlify.app,3,3
osprey,gabamrs.com,3,2
